{"cameraMode":{"drawMode":0,"name":"Shaded","section":"Shading Mode"},"sceneLighting":true,"audioPlay":false,"sceneViewState":{"m_AlwaysRefresh":false,"showFog":true,"showSkybox":true,"showFlares":true,"showImageEffects":true,"showParticleSystems":true,"showVisualEffectGraphs":true,"m_FxEnabled":true},"in2DMode":false,"pivot":{"x":0.6462171673774719,"y":-0.4966140389442444,"z":-0.6416018009185791},"rotation":{"x":-0.03330989554524422,"y":0.0036043450236320497,"z":-0.0002061922859866172,"w":-0.9995977878570557},"size":2.172865152359009,"orthographic":false}