{"cameraMode":{"drawMode":0,"name":"Shaded","section":"Shading Mode"},"sceneLighting":true,"audioPlay":false,"sceneViewState":{"m_AlwaysRefresh":false,"showFog":true,"showSkybox":true,"showFlares":true,"showImageEffects":true,"showParticleSystems":true,"showVisualEffectGraphs":true,"m_FxEnabled":true},"in2DMode":false,"pivot":{"x":3.7139830589294435,"y":12.876615524291993,"z":-11.377120971679688},"rotation":{"x":-0.1981644481420517,"y":0.05790058523416519,"z":-0.011746213771402836,"w":-0.978529691696167},"size":1.4857287406921387,"orthographic":false}